TITLE,DESCRIPTION,PRICE,CURRENCY_CODE,QUANTITY,TAGS,MATERIALS,IMAGE1,IMAGE2,IMAGE3,IMAGE4,IMAGE5,IMAGE6,IMAGE7,IMAGE8,IMAGE9,IMAGE10,"VARIATION 1 TYPE","VARIATION 1 NAME","VARIATION 1 VALUES","VARIATION 2 TYPE","VARIATION 2 NAME","VARIATION 2 VALUES",SKU
"Variegated Vanilla Orchid (Chartreuse) — *Vanilla Variegata Planifolia* — 3″ Pot","CHARTREUSE VARIEGATED VANILLA ORCHID
Vanilla planifolia — 3″ Pot

🎁 WELCOME KIT INCLUDED

Our Welcome Kit includes helpful supplies and guidance to support your new vanilla orchid through its first several months.

This uncommon chartreuse-variegated form of the real vanilla orchid features green leaves with bright chartreuse, lime-green, and occasional yellow-gold striping. It is less commonly available than both Standard Green and Super Variegated Vanilla planifolia, and every plant develops its own unique pattern.

This listing is specifically for our CHARTREUSE VARIEGATED form.

Please see our other listings for:
• Standard Green Vanilla planifolia
• Super Variegated Vanilla planifolia


🌿 WHY IT’S AWESOME

• Uncommon chartreuse-variegated form
• Bright lime-green and chartreuse striping
• Unique patterning on every plant
• A variegated form of the real vanilla-producing orchid
• Tropical climbing growth with glossy leaves and aerial roots
• Enjoys warm, humid conditions with good light and airflow


✅ WHAT WE DO DIFFERENTLY

• We grow our vanilla orchids beyond the tiny plug stage and establish them in 3″ pots before shipping
• Plants are shipped as established vines rather than newly rooted starter pieces
• Growing media is inspected and refreshed as needed to encourage healthy root development
• Plants are grown with good light and airflow for sturdy, ready-to-grow plants


📦 WHAT YOU’LL RECEIVE

One healthy Chartreuse Variegated Vanilla planifolia in a 3″ nursery pot.

Plants are grower’s choice. Size, vine length, leaf shape, rooting, variegation, and growth habit will vary based on current inventory. Some plants may be larger or smaller than those shown. We select the healthiest, best-quality plant available when your order is packed.

Variegation may range from subtle chartreuse striping to broader lime-green or occasional yellow-gold markings. New leaves may develop differently from older leaves.

You are welcome to message us immediately after ordering with a preference for heavier or lighter variegation. We will do our best to accommodate requests based on current inventory, but selections cannot be guaranteed.

Stakes, decorative accessories, and background items shown in photos are not included unless specifically stated.


🌱 EASY CARE

☀️ LIGHT
Bright indirect light or lightly filtered sunlight. Protect the lighter portions of the leaves from intense afternoon sun.

💧 WATER
Water thoroughly, then allow the upper portion of the growing media to begin drying before watering again. Keep lightly moist, but never soggy.

💨 HUMIDITY
Appreciates extra humidity, especially while producing aerial roots, but also needs gentle airflow.

🌡️ TEMPERATURE
Keep warm and protect from frost, cold drafts, and air-conditioning vents.

🪴 SUPPORT
Add a moss pole, trellis, branch, or similar support as the vine grows.


⁉️ QUICK FAQ

IS THIS THE SUPER VARIEGATED FORM?

No. This listing is for our Chartreuse Variegated form. Standard Green and Super Variegated plants are available in separate listings.

IS THIS FORM RARE?

It is less commonly available than both our Standard Green and Super Variegated Vanilla planifolia.

WILL MY PLANT LOOK EXACTLY LIKE THE PHOTOS?

No two plants are identical. Size, vine length, leaf shape, growth direction, rooting, and variegation will naturally vary.

CAN IT PRODUCE VANILLA BEANS?

Yes, but flowering requires a large, mature vine and suitable warm, bright growing conditions. Flowers generally require timely hand pollination to produce pods.

IS IT A GOOD BATHROOM PLANT?

It can be, provided the bathroom has a bright window or suitable grow light. Humidity alone cannot replace adequate light.

DOES IT NEED SOMETHING TO CLIMB?

Yes. Vanilla is naturally a climbing orchid and grows best when its aerial roots can attach to a support.",27.95,USD,29,"Vanilla_Aurea_Orchid,variegated_vanilla,vanilla_bean_plant,rare_orchid_plant,climbing_orchid,orchid_collector,rare_orchid,rare_houseplant,lime_green_orchid,tropical_houseplant,Vanilla_Plant,Chartreuse_Orchid,Unique_Orchid",,https://i.etsystatic.com/61047442/r/il/de154b/8305045016/il_fullxfull.8305045016_bn33.jpg,https://i.etsystatic.com/61047442/r/il/7f1bf7/8352940463/il_fullxfull.8352940463_e19k.jpg,,,,,,,,,"Custom Property",Quantity,"1x Vanilla Var,2x Vailla Var,3x Vanilla Var",,,,"Vanilla-V2,Vanilla-V3,Vanilla-V1"
"Vanilla Orchid | Actual Vanilla Bean Plant","Vanilla planifolia — Real Vanilla Orchid (3″ Pot)

🎁 Welcome Kit included to help you through the first several months!

*** Our longer vines have all sold out, we are working to grow more out, but it takes a few weeks. All of our plants are well rooted and healthy, and these vanilla plants do grow relatively quickly. 

We are glad to substitute a super variegated orchid in a multipack if you like, just message right when you order as we sometimes pack an ship in very short order! 

Why it’s awesome
🌿 Lush, tropical climber with glossy leaves
🫘 Yes, real vanilla beans are possible with a mature plant, warm bright conditions, and hand pollination
🚿 Great bathroom plant—thrives with extra humidity, especially near a window or under a small grow light

What we do differently (so yours thrives)
✅ Most shops ship a tiny plug still in acclimation—we pot up to 3"" so you’re not nursing a baby plug and we ship longer vines than most!  Well established!
✅ We treat with and refresh the media to encourage quick rooting and overall plant health
✅ Grown clean with good light and airflow for sturdy, ready-to-grow plants

What you’ll receive
One healthy Vanilla planifolia in a 3″ pot (no stake yet)
Grower’s choice—similar size/quality to photos (natural variation is normal), reach out if you'd like a choice!
Easy care (TL;DR)
Light: Bright, indirect or lightly filtered (windowed bathroom or grow light works great)
Water: Keep evenly moist—never soggy
Humidity: Loves a little extra + gentle airflow
Support: Add a moss pole/trellis as it grows so it can climb

⁉️Quick FAQ
Will it make beans? With time and the right setup—yes. Hand-pollinate blooms on a mature plant.
Good for homes? Absolutely—treat it like an orchid vine and give it something to climb.",22.99,USD,26,"Vanilla,Vanilla_Bean,Vanilla_Orchid,Tropical_Plants,Rare_Plants,Vanilla_Vine,Tropical_Plant,Real_Vanilla_Plant,Orchid,Houseplant",,https://i.etsystatic.com/61047442/r/il/bc3856/7619404597/il_fullxfull.7619404597_r9cl.jpg,https://i.etsystatic.com/61047442/r/il/5867c0/7571457652/il_fullxfull.7571457652_a2pq.jpg,https://i.etsystatic.com/61047442/r/il/d091e0/7619398447/il_fullxfull.7619398447_94qw.jpg,https://i.etsystatic.com/61047442/r/il/0c720b/7619407595/il_fullxfull.7619407595_drjw.jpg,https://i.etsystatic.com/61047442/r/il/0efc56/7619399877/il_fullxfull.7619399877_swi0.jpg,https://i.etsystatic.com/61047442/r/il/ddb565/7619399875/il_fullxfull.7619399875_rulz.jpg,https://i.etsystatic.com/61047442/r/il/d0f786/7619399895/il_fullxfull.7619399895_cqj3.jpg,,,,"Custom Property","Vanilla Planifolia","3x Vanilla Plants,1x Vanilla Plant,2x Vanilla Plant",,,,"Vanilla-X1,Vanilla-X2"
"Pink Lemonade Blueberry plant, well rooted. 3"" Pot","🍋🫐 Pink Lemonade Blueberry
Vaccinium ‘Pink Lemonade’

An uncommon blueberry variety producing luminous pink fruit instead of traditional blue. Elegant, sweet, and visually striking, Pink Lemonade offers refined flavor with true ornamental presence.

Equally suited for curated patio containers, edible landscapes, and thoughtfully designed gardens.

✨ What Makes It Exceptional

🍓 Blush-Pink Fruit
Clusters of soft pink berries that deepen as they ripen — unexpected and beautiful.

🍯 Sweet, Low-Acid Flavor
Mild, smooth, and pleasantly sweet with subtle citrus notes.

🌸 Four-Season Interest
Spring: Delicate white blossoms
Summer: Rosy fruit clusters
Fall: Warm red foliage tones

🪴 Container-Ready Growth
Compact habit ideal for patios, balconies, and small-space gardens.

🌿 Self-Fertile
Produces reliably on its own; cross-pollination can increase yields.

🎁 Petiole & Bloom Welcome Kit

Every plant includes a small starter supplement selected to support healthy establishment and early growth.

A thoughtful extra — because strong beginnings matter.

📦 Plant Details

• One live, well-rooted Pink Lemonade Blueberry
• Established in a 3” nursery pot
• Healthy, actively growing plant comparable to photos

Photos reflect real plants from our collection.

🌱 Care Overview

☀️ Light: Full sun for best fruit production
💧 Water: Keep consistently moist; avoid drying out completely
🌿 Soil: Acidic, well-draining soil (blueberry-specific mix recommended)
❄️ Hardiness: USDA Zones 4–8

📦 Arrival Tip: Water upon arrival. Allow several days in bright shade before gradually transitioning to full sun.",18.99,USD,34,"Blueberry,Pink_lemonade",,https://i.etsystatic.com/61047442/r/il/2f4e2e/7806020667/il_fullxfull.7806020667_4mri.jpg,https://i.etsystatic.com/61047442/r/il/9ab12a/7758075686/il_fullxfull.7758075686_e93f.jpg,https://i.etsystatic.com/61047442/r/il/771dc4/7729767630/il_fullxfull.7729767630_nibc.jpg,https://i.etsystatic.com/61047442/r/il/6ee347/7777711877/il_fullxfull.7777711877_b3m8.jpg,,,,,,,"Custom Property",Quantity,"8x Pink Lemonade,4x Pink Lemonade,1x Pink Lemonade,2x Pink Lemonade",,,,
"Vanilla Super Variegated Orchid | Actual Vanilla Bean Plant","Vanilla planifolia ‘Super Variegated’ — 3″ Pot

🎁 Welcome Kit included to help you through the first several months

** Mix and Match, choose 2 or 3 and email with your preferred plants.  

Why it’s awesome
🌿 Striking cream-and-green foliage—every plant is uniquely patterned
🫘 Yes, vanilla beans are possible with a mature plant, warm bright conditions, and hand pollination
🚿 Great bathroom plant—enjoys the extra humidity (window or small grow light = perfect)

What we do differently (so yours thrives)
✅ Most shops ship tiny plugs (which is totally fine)—we pot up to 3″ so you’re not nursing a baby plug.  We'll send an established vine. 
✅ We treat and refresh the media to encourage quick rooting and overall plant health
✅ Grown clean with good light and airflow for sturdy, ready-to-grow plants

What you’ll receive
One healthy Vanilla planifolia ‘Super Variegated’ in a 3″ pot (no stake yet)
Variegation varies—grower’s choice, same grade/quality as photos (natural variation is normal), reach out if you'd like to choose your own.

Easy care (TL;DR)
Light: Bright, indirect or lightly filtered; a touch brighter helps keep variegation (avoid harsh midday sun)
Water: Keep evenly moist—never soggy
Humidity: Loves a little extra + gentle airflow
Support: Add a moss pole/trellis as it grows so it can climb

Quick FAQ
Will it make beans? With time and the right setup—yes. Hand-pollinate blooms on a mature plant.
Will it stay variegated? Patterns naturally vary; give bright light and prune to favor the best-striped growth.",19.99,USD,24,"Variegated_Vanilla,Vanilla_Bean,Rare_Orchid,Rare_Tropical_Plant,Vanilla_Plant",,https://i.etsystatic.com/61047442/r/il/86f96f/7571467458/il_fullxfull.7571467458_jyne.jpg,https://i.etsystatic.com/61047442/r/il/feaf00/7571470270/il_fullxfull.7571470270_3tav.jpg,https://i.etsystatic.com/61047442/r/il/415d48/7619415693/il_fullxfull.7619415693_2jqi.jpg,https://i.etsystatic.com/61047442/r/il/15ea35/7571468740/il_fullxfull.7571468740_9flp.jpg,https://i.etsystatic.com/61047442/r/il/6a10e2/7619415699/il_fullxfull.7619415699_40gs.jpg,https://i.etsystatic.com/61047442/r/il/8cfd69/7619415681/il_fullxfull.7619415681_t4lb.jpg,https://i.etsystatic.com/61047442/r/il/b9e681/7571467272/il_fullxfull.7571467272_9m4j.jpg,https://i.etsystatic.com/61047442/r/il/a3f0a7/7619415909/il_fullxfull.7619415909_dwd0.jpg,,,"Custom Property","Vanilla Super Variegated","3x Vanilla SV,1x Vanilla SV,2x Vanilla SV",,,,"VanillaSV-X1,VanillaSV-X2"
"Passion Fruit 2-Pack — Panama Red & Bounty (Passiflora edulis) — Quick to Flower/Fruit!","🍇 Passion Fruit 2-Pack — Panama Red & Bounty (Passiflora edulis)

🫶Our Panama Red vine FLOWERED in just 3 MONTHS and fruited right after! Follow our advice and yours can too!  The flowers in the images are from our Panama Red plant this past summer.

Two beautiful passionfruit vines that work wonderfully together in your garden or on a trellis! This 2-pack pairs Panama Red and Bounty — two vigorous, edible passionfruit vines with showy flowers and delicious fruit that delight both growers and eaters alike. You’ll receive both plants with our starter fertilizer in the welcome kit to support growth through the first several months.

🎁 Welcome Kit Included!
We provide fertilizer you’ll need to support your vines through their first few months, plus care guidance and support — we’re here if you need help!

🌿 Passionfruit Pair Highlights

🟥 Panama Red Passion Fruit
A tropical, vigorous passionfruit vine known for its large, deep red to burgundy fruit with rich tropical flavor and dramatic ornamental flowers. Panama Red is self-fertile and flowers and fruits extremely well in warm, sunny conditions — growers often report blooms quickly after establishment, and with the right care you can expect fruit in its first season. Self-fertile passionfruit varieties like this often set fruit without a second pollen source.
Fruit color: Deep red/purple skin
Flavor: Sweet-tropical with citrusy/guava notes
Vigor: Fast growing and heavy cropping
Great for: Fresh eating, juicing, desserts
Best for: Full sun, strong trellis support
Instant gratification: With bright sun and good care, Panama Red can bloom and fruit in as few as a few months after planting — order now and follow our care advice for fruit this year!

🍇 Bounty Passion Fruit
A high-yield, purple passionfruit variety prized for its abundant fruit production and sweet-tangy flavor. It’s self-fertile and gets established quickly. While vigorous on its own, having Panama Red alongside can help pollinators stay active and improve overall flower activity in your garden.
Fruit color: Classic purple passionfruit
Flavor: Sweet, aromatic pulp perfect for fresh use
Yield: Very productive under the right conditions
Best for: Containers, patios, trellises

🍉 Do Panama Red and Bounty Cross-Pollinate?
Both Panama Red and Bounty are Passiflora edulis cultivars (purple/red forms of the species). Pollination in passionfruit is typically self-fertile, and both can set fruit on their own. However, planting two genetically distinct vines together can enhance pollinator activity and increase fruit set, especially if you encourage bees in your garden or hand-pollinate flowers.
Tip: For best fruit yields, ensure good bee visitation or gently hand-pollinate open flowers during peak bloom.

🍇 Quick Facts
Botanical Name: Passiflora edulis (both Panama Red & Bounty)
Growth: Fast-growing climbing vines
Light: Full sun for best flowering/fruiting
Support: Trellis, pergola, fence, arbor
Water: Even moisture with well-drained soil
Zones: Grows outdoors in warm climates; container culture further north

🌞 Growing Tips
Plant support first: Install a sturdy trellis before planting so vines can start climbing immediately.
Sun & soil: Passionfruit loves full sun and rich, well-draining soil.
Water consistently: Keep soil moist, not soggy.
Feed early: Use the starter fertilizer in the welcome kit to support growth through flowering and fruit set.
Encourage pollinators: Bees and insects help flowers set fruit; hand-pollination can make a big difference in some conditions.

🍴 Harvest & Uses
Both Panama Red and Bounty produce delicious tropical fruits that are perfect for:
Fresh eating
Juices and smoothies
Sauces, jams, desserts
Cocktails and flavor infusions
Their showy passion flowers also add beauty and attract pollinators long before fruit appears.

🌿 Why This 2-Pack Is Special
Two complementary passionfruit varieties with distinct flavor profiles
Great for beginners and experienced growers
Fast-flowering and fruiting potential when given sun and care
Excellent for both ornamental appeal and edible harvests",24.99,USD,8,"Passion_Fruit,First_Year_Fruit,Quick_to_Fruit,Bounty_Passion_Fruit,Panama_Red,Purple_Fruit,Red_Fruit,Tropical_Fruit,Tropical_Plant,Vining_Plant,Cold_Hardy",,https://i.etsystatic.com/61047442/r/il/830d3a/7655266229/il_fullxfull.7655266229_6527.jpg,https://i.etsystatic.com/61047442/r/il/e7ac69/7607324708/il_fullxfull.7607324708_gzsb.jpg,https://i.etsystatic.com/61047442/r/il/4b0639/7655221799/il_fullxfull.7655221799_gsog.jpg,https://i.etsystatic.com/61047442/r/il/cc25de/7655266235/il_fullxfull.7655266235_c90v.jpg,https://i.etsystatic.com/61047442/r/il/227d82/7607280276/il_fullxfull.7607280276_joeq.jpg,https://i.etsystatic.com/61047442/r/il/89bb2e/7655221795/il_fullxfull.7655221795_ob34.jpg,https://i.etsystatic.com/61047442/r/il/b26fb8/7607280278/il_fullxfull.7607280278_dy1v.jpg,https://i.etsystatic.com/61047442/r/il/54c596/7655221797/il_fullxfull.7655221797_4yyz.jpg,,,,,,,,,
"Popoulu Banana Plant (Musa ‘Popoulu’) — Red Trunk Polynesian Tropical Fruit & Foliage","🍌 Popoulu Banana Plant (Musa Popoulu) — Red Trunk, Tropical Fruit & Foliage

A stunning Pacific Island banana with a vivid red pseudostem, lush tropical leaves, and the potential to produce short, plump, richly flavored bananas with salmon-pink or pinkish-blush pulp. Musa ‘Popoulu’ blends dramatic ornamental appeal, edible fruit potential, and cultural rarity — perfect for patios, greenhouses, edible landscapes, or container gardens.

🎁 Welcome Kit with Every Plant!
We want your Popoulu to thrive! Every plant ships with a caring guidance packet and ongoing support — we’re here if you need help, even after your purchase.

💪 How Our Plants Are Different
Many sellers ship fragile plugs straight from tissue culture. We take a ready-to-grow approach, shipping well-rooted banana plants in quality, enriched soil that are primed for a strong start.
We:
🌱 Dust soil with DYNOMYCO at transplant for healthy root growth
💧 Apply a balanced kelp + nutrient treatment
🦀 Blend in natural, slow-release nutrition to support soil biology
🌿 Condition each plant so it transitions easily into your home or garden
Result: stronger roots, richer foliage color, and easier adaptation than typical freshly acclimated plugs.

🍌 Quick Facts
Botanical Name: Musa Popoulu (Red Trunk Popo’ulu)
Trunk: Bright reddish-maroon pseudostem that stands out in any space
Height: ~8–15+ ft outdoors; smaller in containers
Light: Full sun to bright light
Water: Keep soil moist, well-drained
Temperature: Warm, tropical conditions preferred
Fruit: Short, plump bananas with sweet, apple-like flavor and salmon-pink/pinkish pulp under warm, sunny conditions
Best For: Tropical collectors, edible landscapes, patios, containers

🌴 What Makes Popoulu Special
Bold Red Trunk & Tropical Presence
The most striking feature of this banana is its deep red/maroon pseudostem, providing year-round visual impact in landscapes, patios, or greenhouse collections.
Dual Ornamental + Edible Value
Popoulu is both ornamental and productive. Its lush foliage adds tropical flair, while its short, plump fruit with pink-tinted pulp provides a delicious homegrown treat that’s revered in Polynesian and Pacific Island cultures for flavor.
Pacific Island Heritage & Rarity
This variety is a rare Polynesian heirloom banana with traditional Pacific Island roots, making it a standout choice for collectors and tropical fruit enthusiasts alike.

🌞 Growing Tips
Water immediately upon receipt and keep soil evenly moist.
Acclimate to bright light gradually, then move into full sun if outdoors.
Use a nutrient-rich, well-draining mix and feed during active growth.
Warm, humid conditions help bring out both bold foliage color and fruiting potential.
With the right care — abundant light, warmth, and moisture — Popoulu rewards growers with exotic tropical foliage and delicious, unique bananas that are both beautiful and flavorful.",21.99,USD,54,"Edible_Banana,banana_plant,Musa,Green_Banana,Rare_Banana,Rare_Tropical,Tropical_Houseplants,Red_Trunk_Banana,Square_Banana,Unique_Fruit,Apple_Banana,Delicious_Banana",,https://i.etsystatic.com/61047442/r/il/9af474/7655173317/il_fullxfull.7655173317_kc5i.jpg,https://i.etsystatic.com/61047442/r/il/394bbe/7607231672/il_fullxfull.7607231672_hfpf.jpg,https://i.etsystatic.com/61047442/r/il/2862ef/7655173311/il_fullxfull.7655173311_h23s.jpg,https://i.etsystatic.com/61047442/r/il/24105f/7607231678/il_fullxfull.7607231678_gzx1.jpg,https://i.etsystatic.com/61047442/r/il/2830c4/7655173313/il_fullxfull.7655173313_eiw5.jpg,https://i.etsystatic.com/61047442/r/il/210979/7607231676/il_fullxfull.7607231676_omcy.jpg,,,,,"Custom Property",Quantity,"1x Popoulu Plant,2x Popoulu Plant,3x Popoulu Plant",,,,"POPOULU-X2,POPOULU-X1,POPOULU-X3"
"Dwarf Green Banana Plant – Tropical Foliage, Edible Orange Fruit","🍌 Dwarf Green Banana Plant (Musa ‘Dwarf Green’) — Sturdy Tropical Foliage & Edible
A lush, tropical dwarf banana with extremely thick deep green leaves and a compact, striking form that makes it a standout in any plant collection. Musa ‘Dwarf Green’ brings bold tropical energy to patios, sunny windows, greenhouses, and container gardens — and with the right care and bright conditions, it can produce creamy orange-pulp bananas that are both beautiful and delicious.

🎁 Welcome Kit with Every Plant!
We’re plant people, and we want your Dwarf Green to thrive! Every healthy plant ships with a care and transition packet, plus ongoing support — even long after your purchase.

💪 How Our Plants Are Different
Many sellers ship plants barely out of tissue culture in small, delicate plugs. We take a different ready-to-grow approach by shipping well-rooted plants in quality, naturally enriched soil that are primed to adapt and thrive.

We:
🌱 Dust the soil with DYNOMYCO at transplant to help establish strong roots.
💧 Follow with a gentle kelp + micronutrient treatment for balanced early growth.
🦀 Blend in natural slow-release nutrients to support soil biology and reduce transplant stress.
🌿 Condition each plant so it transitions smoothly into your home, patio, or greenhouse.
Result: vigorous roots, rich green foliage, and easier adaptation than typical freshly acclimated plugs.

🍌 Quick Facts
Botanical Name: Musa ‘Dwarf Green’
Mature Height: ~6 feet (compact for a banana plant)
Light: Bright light to full sun ideal
Water: Keep soil evenly moist, not soggy
Temperature: Loves warmth and humidity
Fruit: Can produce creamy orange-pulp bananas with proper heat and light •
Leaves: Thick, durable, excellent for wrapping, grilling, or serving food

🌿 What Makes It Special
Eye-Catching Tropical Foliage:
The broad, dramatic leaves create an instant tropical focal point — perfect for patios, greenhouses, and container gardens.
Exceptional Leaf Strength:
Dwarf Green is known for extremely thick, wind-tolerant leaves, making it tougher outside than many other banana plants.
Edible Fruit with Colorful Pulp:
This variety produces creamy orange-pulp bananas when given ample light, warmth, and nutrition — a delicious bonus that few dwarf bananas combine with such ornamental flair.
Culinary Leaf Uses:
The large, pliable leaves are ideal for cooking wraps, grilling, steaming, or serving food naturally — a feature that adds functional versatility to its beauty.

🌞 Growing Tips
Water immediately after arrival and keep soil evenly moist.
Acclimate to sunlight gradually, especially if moving from a lower-light environment to full sun.
Use a rich, well-draining mix and feed lightly during active growth.
Humidity helps — mist leaves occasionally if indoors.
Warm conditions and strong light encourage both lush foliage and fruiting.

📌 It will fruit in the right conditions
This plant is both ornamental and edible. With bright light, warmth, and good care, Dwarf Green can produce fruit that’s real, tasty, and cream-colored inside — a special experience for edible gardeners and tropical plant lovers alike.",24.99,USD,45,"Dwarf_Banana,Edible_Banana,banana_plant,banana_treea,Musa,Musa_Dwarf,Musa_Green,Green_Banana,Rare_Banana,Rare_Tropical,Tropical_Houseplants",,https://i.etsystatic.com/61047442/r/il/9af474/7655173317/il_fullxfull.7655173317_kc5i.jpg,https://i.etsystatic.com/61047442/r/il/394bbe/7607231672/il_fullxfull.7607231672_hfpf.jpg,https://i.etsystatic.com/61047442/r/il/2862ef/7655173311/il_fullxfull.7655173311_h23s.jpg,https://i.etsystatic.com/61047442/r/il/24105f/7607231678/il_fullxfull.7607231678_gzx1.jpg,https://i.etsystatic.com/61047442/r/il/2830c4/7655173313/il_fullxfull.7655173313_eiw5.jpg,https://i.etsystatic.com/61047442/r/il/210979/7607231676/il_fullxfull.7607231676_omcy.jpg,,,,,"Custom Property",Quantity,"1x Dwarf Green,2x Dwarf Green,3x Dwarf Green",,,,"GREEN-X1,GREEN-X2,GREEN-X3"
"Springhigh Blueberry, well rooted in 3"" Pot.","🍓🌸 Spring High Blueberry
Vaccinium ‘Spring High’

A refined early-season Southern Highbush blueberry known for its vigorous growth, abundant yields, and beautifully balanced flavor. Spring High delivers dependable performance with ornamental elegance — ideal for both productive gardens and polished patio spaces.

Equally suited for curated containers, edible landscapes, and thoughtfully designed gardens.

✨ What Makes It Exceptional

🫐 Early-Season Harvest
One of the first blueberries to ripen — extending your fresh berry season.

🍯 Balanced, Classic Flavor
Sweet with bright, refreshing acidity and excellent texture.

🌸 Abundant Spring Bloom
Profuse white blossoms that signal a heavy fruit set to follow.

🌿 Vigorous, Upright Growth
Strong structure with lush green foliage and excellent productivity.

🪴 Container-Friendly
Performs beautifully in large patio containers with proper acidic soil.

🌿 Self-Fertile
Produces reliably on its own; planting alongside other Southern Highbush varieties can increase yields.

🎁 Petiole & Bloom Welcome Kit

Every plant includes a small starter supplement selected to support healthy establishment and early growth.

A thoughtful extra — because strong beginnings matter.

📦 Plant Details

• One live, well-rooted Spring High Blueberry
• Established in a 3” nursery pot
• Healthy, actively growing plant comparable to photos

Photos reflect real plants from our collection.

🌱 Care Overview

☀️ Light: Full sun for best fruit production
💧 Water: Keep consistently moist; avoid drying out completely
🌿 Soil: Acidic, well-draining soil (blueberry-specific mix recommended)
❄️ Hardiness: USDA Zones 6–9

📦 Arrival Tip: Water upon arrival. Allow several days in bright shade before gradually transitioning to full sun.",18.95,USD,58,"Blueberry,Springhigh,early_bearing,healthy_fruit,antioxidant,vitamin_c,garden,plants",,https://i.etsystatic.com/61047442/r/il/33cf79/7806025751/il_fullxfull.7806025751_rmir.jpg,https://i.etsystatic.com/61047442/r/il/65bd4f/7806025123/il_fullxfull.7806025123_cz33.jpg,https://i.etsystatic.com/61047442/r/il/1a6185/7758078990/il_fullxfull.7758078990_i6xk.jpg,https://i.etsystatic.com/61047442/r/il/e643cc/7758078994/il_fullxfull.7758078994_cuo1.jpg,,,,,,,"Custom Property",Quantity,"1x Springhigh,2x Springhigh,4x Springhigh,8x Springhigh",,,,
"White Jade (edible core) Pineapple Plant, well rooted, 3"" Pot","🍍🤍 White Jade Pineapple
Ananas comosus ‘White Jade’

A rare, low-acid pineapple prized for its exceptionally sweet flavor and smooth, nearly fiberless texture. White Jade offers refined tropical character in a compact, container-friendly form — both ornamental and delicious.

Equally suited for patio containers, sunrooms, greenhouses, and warm-climate edible gardens.

✨ What Makes It Exceptional

🍯 Ultra-Sweet, Low-Acid Flavor
Remarkably smooth and candy-sweet with little to no acidity.

🤍 Pale Golden-White Flesh
Soft, juicy interior with minimal fiber and refined texture.

🌿 Compact Growth Habit
Smaller, manageable plant size ideal for containers and protected spaces.

🌸 Ornamental Appeal
Architectural foliage with a striking central fruit — a true conversation piece.

🪴 Container-Ready
Thrives in large pots with excellent drainage and bright light.

🎁 Petiole & Bloom Welcome Kit

Every plant includes a small starter supplement selected to support healthy establishment and early growth.

A thoughtful extra — because strong beginnings matter.

📦 Plant Details

• One live, well-rooted White Jade Pineapple
• Established in a 3” nursery pot
• Healthy, actively growing plant comparable to photos

Photos reflect real plants from our collection.

🌱 Care Overview

☀️ Light: Full sun to very bright light
💧 Water: Allow soil to dry slightly between watering; avoid standing water
🌿 Soil: Well-draining, sandy or cactus-style mix
🌡️ Hardiness: USDA Zones 9–11 (protect from frost)

📦 Arrival Tip: Water lightly upon arrival. Allow several days in bright, indirect light before transitioning to full sun conditions.",18.99,USD,34,"white_Jade,pineapple,edible_core,super_sweet,maui_gold,fruit,rare",,https://i.etsystatic.com/61047442/r/il/1e047a/7758089240/il_fullxfull.7758089240_gmp2.jpg,https://i.etsystatic.com/61047442/r/il/e1c33a/7758089852/il_fullxfull.7758089852_2u9y.jpg,https://i.etsystatic.com/61047442/r/il/bb8239/7806028113/il_fullxfull.7806028113_hwhf.jpg,https://i.etsystatic.com/61047442/r/il/f0dfd3/7806028109/il_fullxfull.7806028109_omv8.jpg,,,,,,,,,,,,,
"Lakatan “Golden” Banana Plant (Lacatan) | Premier Dessert Banana | Sweet, Creamy, Custardy | 3"" pot | Well Established","🍌✨ PREMIER DESSERT BANANA — LAKATAN (LACATAN)
✅ SWEET + AROMATIC • Creamy, dessert-like texture (“custardy” when perfectly ripe)
🪴 LIVE PLANT: Well-rooted starter established in a 3"" pot
📦 ARRIVAL TIP: WATER ON ARRIVAL + GRADUAL SUN TRANSITION

Lakatan is a beloved dessert banana variety best known for its rich flavor and aroma. If you want something more interesting than a typical grocery-store banana, this is a standout choice for your patio, greenhouse, or tropical garden.

✅ YOU WILL RECEIVE:
• 1 LIVE Lakatan (Lacatan) banana plant
• Established in a 3"" pot
• WELL-ROOTED in quality ammended soil and ready to grow

📸 PHOTOS:
Photos are of REAL plants from our collection (not stock images).
You will receive the same or similar plant with comparable health and vigor, feel free to reach out if you'd like to choose from available options.

⭐ WHY LAKATAN:
• Premium dessert-banana eating quality (sweet, aromatic, creamy)
• A favorite variety in the Philippines
• Great long-term container potential with warmth, light, and consistent feeding

🚚 ARRIVAL + FIRST WEEK (IMPORTANT):
• WATER IMMEDIATELY upon arrival.
• Keep out of harsh direct sun for ~7 days.
• Then transition gradually: bright light → morning sun → stronger sun over 1–2 weeks.

🌞 QUICK CARE:
LIGHT: Bright light indoors; gradual transition to stronger sun outdoors
WATER: Keep evenly moist (don’t let it fully dry out); avoid staying soggy
WARMTH: Loves heat + humidity; protect from cold and drafts
FEEDING: Bananas are heavy feeders — consistent nutrition = faster growth

🍌 FRUITING NOTE:
Fruiting depends on maturity, climate, container size, and long-term care.  We can offer advice to ensure your plant thrives and to help you avoid many of the common mistakes!

📝 NAME NOTE (to prevent confusion):
“Lakatan” is also commonly spelled “Lacatan.” Some regions use “Lacatan” for other banana types, so we label ours as Lakatan (Lacatan).",18.99,USD,45,"lakatan_banana,lacatan_banana,dessert_banana,edible_banana_plant,greenhouse_plant,patio_banana,rare_banana_cultivar,banana_starter_plant,musa_lakatan,tropical_plant,banana_tree,sweet_banana,custard_banana",,https://i.etsystatic.com/61047442/r/il/ddb438/7557257036/il_fullxfull.7557257036_b7s6.jpg,https://i.etsystatic.com/61047442/r/il/c12958/7557256560/il_fullxfull.7557256560_otcy.jpg,https://i.etsystatic.com/61047442/r/il/743bf6/7557256564/il_fullxfull.7557256564_d7xy.jpg,,,,,,,,"Custom Property",Quantity,"1x Lakatan Plant,2x Lakatan Plant,3x Lakatan Plant",,,,"LAKATAN-X1,LAKATAN-X2,LAKATAN-X3"
"Copper Peptide Serum (GHK-Cu) | Effective Skincare | Anti-Aging Peptide | Niacinamide + HA + Licorice | Fragrance-Free | 30 mL","DEFY — Copper Peptide Face Serum (30 mL) ✨
Visibly smoother texture. More even-looking tone. Refined pores.

DEFY is an EFFECTIVE, fragrance-free copper peptide (GHK-Cu) serum designed to support the look of healthy skin as it ages—especially skin impacted by daily sun exposure and environmental stress. Lightweight and fast-absorbing, it delivers comfortable hydration on its own but also layers cleanly in a simple routine.

*DEFY Advanced* is the same formula with twice the amount of peptide and is intended for advanced copper peptide users.  Start with Defy, it's already stronger (yet, still well tolerated) than most other GHK-CU products you'll find being sold. 

What you’ll notice ✅
• Smoother-looking texture and a more refined finish
• More even-looking tone and improved overall “clarity”
• Reduced appearance of pores (skin looks more polished)
• Softer, more supple feel
• Improved appearance of fine lines over time

Key ingredients 🔬
Copper Peptide (GHK-Cu), Niacinamide (Vitamin B3), Pro-Vitamin B5 (Panthenol), Multi-weight Hyaluronic Acid, Licorice, Aloe, Silk proteins.

Copper Peptide Level (Why % comparisons are confusing) 🔵
Many products list 1-3% copper peptide; however, those percentages typically refer to the amount of pre-diluted supplier solution and not the amount of pure copper peptide so 1% is often 0.1% or less of true peptide and 3% is usually 0.3% or less.  

We use 0.3% of true (>99% pure) copper peptide in Defy, not a pre-diluted solution.  We chose this level deliberately to ensure effectiveness without discomfort.  **For advanced peptide users who desire a stronger version, we offer Defy Advanced which doubles the amount of copper peptide.  If you find that our product doesn't meet your expectations, we will honor our ""Love it Guarantee""!

When to use 🌙☀️
Best as a night serum, but it can also be used in the daytime if you finish with broad-spectrum sunscreen. Layers well under moisturizer and SPF.

How to use 💧
Apply 2–4 drops to clean, slightly damp skin. Use nightly (or as tolerated). Follow with moisturizer if desired.

Pairing guidance (important) ⚠️
Avoid using DEFY in the same routine as AHA/BHA exfoliants, Vitamin C (especially L-ascorbic acid), or retinoids/retinol. If you use those products, simply alternate nights with DEFY.

Track your progress 📸
Take a photo before you start, then again at 1 week, 30 days, and 3 months. Match lighting, time of day, angle, and expression for the clearest comparison.

Love It Guarantee 🤍
If you’re not happy with your experience, contact us within 30 days of delivery. We’ll help troubleshoot your routine—and if it still isn’t the right fit, we’ll offer a replacement or refund. One claim per customer/household. Applies to the first bottle of DEFY only.

Cosmetic disclaimer
For external use only. DEFY is a cosmetic product intended to improve the appearance of skin. It is not intended to diagnose, treat, cure, or prevent any disease. Results vary.",49.99,USD,37,"copper_peptide_serum,ghk-cu,anti_aging_serum,pore_refining,niacinimide,hyaluronic_acid,even_tone,frangrance_free,lightweight_serum,oil-free,licorice_extract,peptide,copper","Copper tripeptide 1,Niacinimide,Licorice Extract,Hyaluronic Acid,GHKCU,Silk Proteins",https://i.etsystatic.com/61047442/r/il/53fc87/7546234264/il_fullxfull.7546234264_bg5a.jpg,https://i.etsystatic.com/61047442/r/il/9ea50c/7594171877/il_fullxfull.7594171877_fo6i.jpg,,,,,,,,,"Custom Property",Strength,"Defy,Defy Advanced",,,,"DEFY-A30,DEFY-30"
"Truly Tiny Banana Plant | Dwarf Musa Edible Fruit Producing (3"" Pot)","🍌 Truly Tiny Banana Plant (Musa ‘Truly Tiny’) — Compact Fruit Producing

A dwarf banana with lush, deep green leaves that stay darker than most varieties. Perfect for sunny windows, patios, or greenhouse collections, it reaches only 2–3 feet tall at maturity yet still produces small, edible bananas.

🎁 Welcome Kit with every plant!  We want your plant to succeed!!  We are plant people and we are always here if you need plant advice (even if you didn't get it from us!).    

💪 How Our Plants Are Different
Many sellers ship plants barely out of tissue culture, still in their delicate acclimation plugs (which is totally fine). 
We take a different approach by shipping well-rooted plants in quality, naturally enriched soil, ready to thrive. 

We:
🌱 Dust the soil with DYNOMYCO at transplant to support healthy root growth .
💧 Follow with a light Spark + kelp treatment, jumpstarting growth and microbial balance for stronger roots and healthier leaves.
🦀 Blend in natural nutrients like crab & lobster meal — providing slow-release nutrition, supporting beneficial microbes, and helping reduce soil-borne pest  naturally.
🌿 Condition each plant so it transitions easily to your home and next pot with minimal stress.
Result: stronger roots, deeper color, and faster adaptation than typical freshly acclimated plugs.

🍌 Quick Facts
Height: 2–3 ft (true dwarf)
Light: Bright indirect → full sun
Water: Keep soil evenly moist, not soggy
Temperature: 70–85°F preferred
Fruit: Small, edible bananas when mature 
Growth: Compact tropical form ideal for pots or small greenhouses, perfect indoor plant banana (or outdoor spring/summer and indoor when temps drop).

🌞 Growing Tips:
Water immediately upon receipt!
Avoid direct sunlight for a full week then move into morning sun and progress to full sun over 1-2 weeks.
Repot when roots begin circling the pot (usually 2-4 weeks), don't change pots the first 1-2 weeks to avoid stressing the plant.
Use a well-draining mix and feed lightly every 2–4 weeks during active growth.
Never, ever, let the soil dry out... Bananas like moist soil and regular watering.
Loves humidity — mist occasionally or keep near other tropicals.
Avoid cold drafts; bananas slow dramatically below 65°F.",19.99,USD,56,"Musa_Truly_Tiny,Dwarf_Banana,Edible_Banana,Tiny_Bananas,banana_plant,banana_treea,Musa,Musa_Dwarf",,https://i.etsystatic.com/61047442/r/il/4e7d12/7401823467/il_fullxfull.7401823467_spgi.jpg,https://i.etsystatic.com/61047442/r/il/b2dd37/7402321225/il_fullxfull.7402321225_odpk.jpg,https://i.etsystatic.com/61047442/r/il/e54627/7401821679/il_fullxfull.7401821679_a7kv.jpg,,,,,,,,"Custom Property",Quantity,"1x Truly Tiny Plant,2x Truly Tiny Plants,3x Truly Tiny Plants,1x Truly Tiny 4&quot; Pot",,,,"MusaTruly-X1,MusaTruly-X3,MusaTruly-X2,MusaTruly-4in"
"Banana Bunch | 4 Unique Musa Plants | Truly Tiny + Popo'ulu + Dwarf Green + Lakatan (Substitutions Permitted)","A curated and established/well-rooted Banana Bunch featuring four uncommon Musa varieties (you won't find in the store) — perfect for collectors and tropical plant lovers 🌿🍌 

What You’ll Receive:

• 4 established banana plants (one of each variety listed)
• Grown in 3-inch nursery pots
• Strong, healthy root systems
• Ready to uppot
• Complimentary Welcome Kit with each plant 🌱

Each plant is actively growing and well-rooted, prepared for its next stage in a larger container.

🍌 Musa ‘Truly Tiny’
Compact fruiting banana with deep green foliage. Reaches just 2–3 feet tall, ideal for bright windows, patios, or greenhouse spaces.

💚 Musa ‘Dwarf Green’
Broad, vibrant green leaves with classic tropical appeal in a manageable size. Strong grower and excellent container specime, produces bananas that are green when ripe!.

🍌 Musa ‘Lakatan’
Prized dessert banana known for sweet flavor and vigorous growth. Excellent choice for edible plant collectors. Popular in the Phillipines. 

🌿 Musa ‘Popo‘ulu’
Distinctive Hawaiian-type cooking banana with bold structure and beautiful foliage — standout addition to any collection.

Substitutions permitted — please message prior to purchase if you would like a specific substitute.

Healthy, rooted, and ready for the next stage of growth.",49.99,USD,9,"Musa_Truly_Tiny,Dwarf_Banana,Edible_Banana,banana_plant,banana_treea,Musa,Musa_Dwarf,red_trunk_banan,dwarf_green,Multi_pack",,https://i.etsystatic.com/61047442/r/il/4f9452/7744539350/il_fullxfull.7744539350_ffq6.jpg,https://i.etsystatic.com/61047442/r/il/a51534/7744539348/il_fullxfull.7744539348_8783.jpg,https://i.etsystatic.com/61047442/r/il/74d694/7792496853/il_fullxfull.7792496853_73s4.jpg,https://i.etsystatic.com/61047442/r/il/e5c179/7792496855/il_fullxfull.7792496855_teuk.jpg,https://i.etsystatic.com/61047442/r/il/7503d8/7792496851/il_fullxfull.7792496851_n2ug.jpg,https://i.etsystatic.com/61047442/r/il/690037/7792496849/il_fullxfull.7792496849_dwpr.jpg,https://i.etsystatic.com/61047442/r/il/eb8a00/7744539346/il_fullxfull.7744539346_trtm.jpg,https://i.etsystatic.com/61047442/r/il/cbd936/7792496863/il_fullxfull.7792496863_co0l.jpg,,,,,,,,,Banana4pl
"Musa Florida, Variegated Banana - US Seller - WELL ROOTED","🍌🤍 Variegated Banana Plant
Musa sp. (Variegated)

A rare, collector-grade variegated Musa featuring bold white striping and marbled sectoring across lush green, paddle-shaped leaves. The photos show classic banana growth traits — a developing pseudostem with tightly rolled “cigar” leaves that unfurl into broad tropical blades.

Fast-growing in warmth and bright light, this plant brings instant tropical architecture to patios, greenhouses, and bright indoor spaces — with the added wow factor of unpredictable, one-of-a-kind variegation.

🎁 Petiole & Bloom Welcome Kit
Every plant includes a small starter supplement selected to support healthy establishment and early growth.

✨ What Makes It Exceptional
🤍 True Variegated Musa Foliage
Clean white bands, brushstrokes, and sectoral blocks that vary leaf to leaf and plant to plant.
🌿 Classic Banana Structure
Upright juvenile form with emerging spear leaves and expanding blades as it matures.
🏝 Tropical Statement Plant
Even at starter size, the foliage reads bold and architectural.
🪴 Container-Ready
Ideal for stepping up into larger pots as it grows—perfect for patios and protected outdoor areas.\
📦 Plant Details
• One live, well-rooted Variegated Musa (banana plant)
• Most plants established in 4” nursery pots
• Purple pots are 3” nursery size
• Healthy, actively growing plants comparable to photos
• Variegation is naturally variable; each plant is unique

Photos reflect the actual plants available.

🌱 Care Overview
☀️ Light: Bright light to several hours of direct sun (more light = sturdier growth and better color).  Adjust sun exposure to ensure maximum amount of sun without scorching--morning sun is usually best.
💧 Water: Keep evenly moist; do not allow to fully dry out
🌿 Soil: Rich, airy, well-draining mix (tropical blend + perlite/bark recommended)
🌡️ Warmth: Loves heat; protect from cold drafts and temperatures below ~55°F
❄️ Hardiness: Best outdoors in USDA Zones 9–11 (or overwinter indoors elsewhere)

📦 Arrival Tip: Water upon arrival, then keep in bright shade/indirect light for a few days before gradually increasing sun exposure.",99,USD,12,"aeae,ae_ae,musa_florida,variegated_banana,edible_banana,collector_banana,musa_aeae,musa_tanee,musa_nono,hawaiian_banana,rare_banana,rare_musa,tropical_plant",,https://i.etsystatic.com/61047442/r/il/b7c92c/7764447976/il_fullxfull.7764447976_t30t.jpg,https://i.etsystatic.com/61047442/r/il/2ac55d/7764447966/il_fullxfull.7764447966_o0v6.jpg,https://i.etsystatic.com/61047442/r/il/e257a2/7812394785/il_fullxfull.7812394785_5hkr.jpg,https://i.etsystatic.com/61047442/r/il/b56388/7812394781/il_fullxfull.7812394781_2r21.jpg,https://i.etsystatic.com/61047442/r/il/c1c11a/7812394773/il_fullxfull.7812394773_t9ve.jpg,https://i.etsystatic.com/61047442/r/il/f2e2c3/7812394771/il_fullxfull.7812394771_iwuk.jpg,https://i.etsystatic.com/61047442/r/il/3bf4d9/7812394783/il_fullxfull.7812394783_osma.jpg,https://i.etsystatic.com/61047442/r/il/9408a0/7812394793/il_fullxfull.7812394793_6c9p.jpg,https://i.etsystatic.com/61047442/r/il/173cd3/7764448090/il_fullxfull.7764448090_8xiu.jpg,https://i.etsystatic.com/61047442/r/il/1f7304/7764448096/il_fullxfull.7764448096_7lq9.jpg,"Custom Property","Size Pot","3&quot; Pot,4&quot; Pot",,,,
